smiles,solvent,abs_peakwavs_max,abs_bandwidth,abs_molar_ext_coeff,emi_peakwavs_max,emi_bandwidth
C(=C/c1nc(-c2ccccc2)c2ccccn12)\c1nc(-c2ccccc2)c2ccccn12,CC#N,393.1570177525136,78.12890687791679,4.150077424872877,502.2636354708267,97.06091046339215
C(=C/c1nc2ccccc2[nH]1)\c1ccc(/C=C/c2nc3ccccc3[nH]2)cc1,CN(C)C=O,359.74261199562847,70.76750647126076,4.714155761763798,436.5616893778157,81.61837974500375
[NH3+]C(Cc1ccc(O)c(O)c1)C(=O)[O-],O,272.44985089559555,31.93332717146817,3.2091269581568085,336.90909675974467,58.06584999272593
c1ccc2[nH]ccc2c1,O,269.01769078450656,25.417189041922086,3.5850417310163896,352.50393214508597,57.69365907085909
F[B-]1(F)OC(c2ccc3c(c2)Cc2ccccc2-3)=CC(c2ccccc2)=[O+]1,CC#N,405.1169749812266,64.2557480854003,4.665856545213425,504.27098082914443,84.91339393830826
CCCCCCCCC1(CCCCCCCC)c2cc(-c3ccccc3)ccc2-c2ccc(-c3ccccc3)cc21,ClC(Cl)Cl,352.921325969038,51.40462185137878,5.0207571903032875,414.66268893507635,55.350186094421765
c1ccc2c(c1)ccc1ccc3ccc4ccccc4c3c12,ClC(Cl)Cl,397.0473051119207,29.273122735645792,4.198199947426351,395.9434255226709,40.39622893042953
CC(C)(C)c1ccc2cc3c4cccc5cccc(c6cc(C(C)(C)C)cc(c2c1)c63)c54,CC1CCCCC1,463.09651686092127,41.13641524452291,4.695822610199654,461.7914291133052,41.515329994033024
CCN(CC)c1ccc2c(-c3ccccc3C(=O)O)c3c([o+]c2c1)/C(=C/c1ccc(N2CCCC2)s1)CCC3,ClCCl,697.3622298971211,60.922165717188946,5.181036056833596,733.6237529540134,60.17311095353312
CCN(CC)c1ccc2c(-c3ccccc3C(=O)O)c3c([o+]c2c1)/C(=C/C=C/c1ccc(N(C)C)cc1)CCC3,ClCCl,661.6804240112386,84.90128554398851,4.953307453022157,742.2369543241113,81.67030806327874
CCN(CC)c1ccc2c(-c3ccccc3C(=O)O)c3c([o+]c2c1)/C(=C/c1ccc2c(c1)c1ccccc1n2CC)CCC3,ClCCl,628.1473474075905,62.40090961392908,5.23460877498116,665.5057586019411,57.41248844844694
CCN(CC)c1ccc2cc(/C=C3\CCCc4c3[o+]c3cc(N(CC)CC)ccc3c4-c3ccccc3C(=O)O)c(=O)oc2c1,ClCCl,667.5583826921461,64.50142801347272,5.217474588734391,699.3654696964178,56.870271450064
Cc1ccc(C2=Cc3ccc4ccccc4[n+]3[B-](F)(F)O2)cc1,ClC(Cl)Cl,422.5441705411615,59.161222809300874,4.570290338598963,448.4076332447479,54.19634882469405
COOCc1noc(-c2ccccc2)c1Cl,C1CCCCC1,338.2491882383724,56.81389873845706,3.5503966565318157,416.5841039296134,70.03260352256423
Cc1cc(C)c(C2=C3C=CC=[N+]3[B-]3(F)Oc4cc(O)cc5c6ccc(C)cc6c6cc2n3c6c45)c(C)c1,ClC(Cl)Cl,601.6472505618041,55.786309290802755,4.914301741544812,628.3389948441129,42.40409666704065
COc1cc(OC)cc(C2=C3C(C)=C(I)C(/C=C/c4c[nH]c5ccc([N+](=O)[O-])cc45)=[N+]3[B-](F)(F)n3c(/C=C/c4c[nH]c5ccc([N+](=O)[O-])cc45)c(I)c(C)c32)c1,CS(C)=O,681.2075562850512,90.25127896127523,4.581592934243431,738.9237086443666,78.02272593472094
O=C1c2ccc(-c3ccc(N(c4ccccc4)c4ccccc4)cc3)cc2C(=O)c2ccc(-c3ccc(N(c4ccccc4)c4ccccc4)cc3)cc21,Cc1ccccc1,449.96635215431087,76.19356602143907,4.289952806459409,555.9248772811719,77.08170096047958
COc1cc(OC)cc(C2=[O+][B-](F)(F)OC(c3ccc4cc(OC)ccc4c3)=C2)c1,ClCCl,392.9569910988736,69.11499302689813,4.6351400053255665,538.5526682389121,133.12821913142966
FC(F)(F)c1ccccc1B1c2ccccc2N(c2ccccc2)c2ccccc21,ClCCl,380.18591379576395,55.45905263674203,3.8060866033517544,439.4527486274544,61.69846660843079
O=P1(c2ccccc2)C(c2cc(C(F)(F)F)cc(C(F)(F)F)c2)=Cc2c3ccc4cccc5ccc(c6cc(-c7ccccc7)n1c26)c3c45,C1CCCCC1,414.72488204038115,76.49157241466266,4.308589114141615,460.8148621874933,78.67479818843968
O=P1(c2ccccc2)C(c2cc(C(F)(F)F)cc(C(F)(F)F)c2)=Cc2c3ccc4cccc5ccc(c6cc(-c7ccccc7)n1c26)c3c45,Cc1ccccc1,435.8205924420614,78.59663191328652,4.020787754834923,512.8709639987223,87.54503631857804
O=P1(c2ccccc2)C(c2cc(C(F)(F)F)cc(C(F)(F)F)c2)=Cc2c3ccc4cccc5ccc(c6cc(-c7ccccc7)n1c26)c3c45,C1COCCO1,416.9638988166539,76.54221758383503,4.294745167663167,476.50122396311275,81.52748358199544
O=P1(c2ccccc2)C(c2cc(C(F)(F)F)cc(C(F)(F)F)c2)=Cc2c3ccc4cccc5ccc(c6cc(-c7ccccc7)n1c26)c3c45,ClC(Cl)Cl,450.49318116900514,76.87002230157785,4.345905821435922,496.3961021899513,71.98187016496564
O=P1(c2ccccc2)C(c2cc(C(F)(F)F)cc(C(F)(F)F)c2)=Cc2c3ccc4cccc5ccc(c6cc(-c7ccccc7)n1c26)c3c45,ClCCl,427.82860177953864,76.15278804101777,4.305460945214162,495.90113726437386,83.20554985048577
O=P1(c2ccccc2)C(c2cc(C(F)(F)F)cc(C(F)(F)F)c2)=Cc2c3ccc4cccc5ccc(c6cc(-c7ccccc7)n1c26)c3c45,C1CCOC1,425.77051948112955,79.60581935688694,4.189120302302565,489.84232600882325,80.13661719597783
O=P1(c2ccccc2)C(c2cc(C(F)(F)F)cc(C(F)(F)F)c2)=Cc2c3ccc4cccc5ccc(c6cc(-c7ccccc7)n1c26)c3c45,CC(C)=O,434.9895043440439,74.03370900532344,4.2800257894868095,510.1196606866963,68.83180172286033
O=P1(c2ccccc2)C(c2cc(C(F)(F)F)cc(C(F)(F)F)c2)=Cc2c3ccc4cccc5ccc(c6cc(-c7ccccc7)n1c26)c3c45,CC#N,422.44075186563236,78.00904909517686,4.2717711217233925,502.8030158416271,77.26435359921005
O=P1(c2ccccc2)C(c2cc(C(F)(F)F)cc(C(F)(F)F)c2)=Cc2c3ccc4cccc5ccc(c6cc(-c7ccccc7)n1c26)c3c45,CO,439.69968659673833,77.39416793992767,4.394871756018068,541.2867545734022,87.81965127954307
COc1ccc(C2=Cc3c4ccccc4cc[n+]3[B-](F)(F)O2)cc1,ClC(Cl)Cl,415.83751273527525,60.74496923969834,4.580382771681834,469.859608859598,75.24330854311293
c1cc2ccc1-c1ccc(cc1)-c1ccc([se]1)-c1ccc(cc1)-c1ccc(cc1)-c1ccc([se]1)-c1ccc(cc1)-c1ccc(cc1)-c1ccc([se]1)-c1ccc(cc1)-c1ccc(cc1)-c1ccc-2[se]1,C1CCOC1,376.6893331148525,63.88662072767633,4.263208566820845,541.3304765455139,108.43190480456028
COC(=O)c1cccc2c1C#Cc1c(NC(C)=O)cccc1OCCCO2,ClCCl,341.6553997230212,49.0356250958242,4.2788935775419406,408.2963886869137,65.8098774978472
CC(=O)c1cc(=O)n(C)c2cc(-c3ccc(N(C)C)cc3)sc12,ClCCl,459.08997908314626,91.82587068570835,4.35468139093285,587.3829010401904,101.03876546429753
COC(=O)c1nc2c(N(C)C)nc(N(C)C)nc2n1Cc1ccccc1,ClCCl,329.58456930783314,29.042655489492127,4.345102007608672,349.78098283800705,43.54980064250894
CC(C)c1cccc(C(C)C)c1N1C(=O)c2ccc3c4c(-c5ccc(C(=O)O)cc5)c5ccc6c7c(cc8c9cc(C(=O)O)ccc9c(c9ccc(c2c39)C1=O)c4c8c57)C(=O)N(c1c(C(C)C)cccc1C(C)C)C6=O,ClCCl,654.7415652157798,89.63387194731726,4.338266601673451,698.6640005387233,66.53810471156588
c1ccc([B-]2(c3ccccc3)Oc3ccc4ccccc4c3-c3c4ccccc4cn[n+]32)cc1,Cc1ccccc1,443.77436607214185,85.70934791357313,3.650893273023581,545.5070451804532,106.89629296503523
c1ccc(N2c3ccc4ccccc4c3-c3c4ccccc4cc[n+]3[B-]2(c2ccccc2)c2ccccc2)cc1,Cc1ccccc1,477.65782103069057,87.83951145213479,3.602900549518356,613.0793421493247,123.4472419415745
COc1ccc(N2c3ccc4ccccc4c3-c3c4ccccc4cc[n+]3[B-]2(c2ccccc2)c2ccccc2)cc1,Cc1ccccc1,477.1653755800741,91.09730954877679,3.623248092733385,621.5908260895101,131.4628674206094
CCOCCOCCOC(=O)/C=C/C1=CC2=C(c3c(C)cc(C)cc3C)c3cc(/C=C/C(=O)OCCOCCOCC)cn3[B-](F)(F)[N+]2=C1,ClCCl,612.9663943686461,71.57292349744566,4.6422592465710215,653.9944185262692,53.98095009135009
CN(C)c1ccc(C2=Nc3scc[n+]3[B-](F)(F)O2)cc1,Cc1ccccc1,414.60635825762193,40.529089879017704,4.7954512993717575,438.26395480880774,34.03210216333719
CN(C)c1ccc(C2=Nc3scc[n+]3[B-](F)(F)O2)cc1,ClCCl,408.603999769983,42.55483128676549,4.824137912359298,445.651535922953,44.89650823758265
CN(C)c1ccc(C2=Nc3scc[n+]3[B-](F)(F)O2)cc1,C1CCOC1,403.7953075113958,45.906248191851816,4.830484984969367,453.6469311435733,45.6421942996771
CN(C)c1ccc(C2=Nc3scc[n+]3[B-](F)(F)O2)cc1,CC#N,411.3987125908425,47.325270167854725,4.885251581474348,476.4087689218858,50.390718215349
COc1cc(C2=CC3=C(c4c(C)cc(C)cc4C)c4cc(-c5cc(OC)c(OC)c(OC)c5)c(-c5cc(OC)c(OC)c(OC)c5)n4[B-](F)(F)[N+]3=C2c2cc(OC)c(OC)c(OC)c2)cc(OC)c1OC,C1CCCCC1,645.4843110309996,46.028080365496194,5.005734403885489,677.9932917309649,45.06908618231307
COc1cc(C2=CC3=C(c4c(C)cc(C)cc4C)c4cc(-c5cc(OC)c(OC)c(OC)c5)c(-c5cc(OC)c(OC)c(OC)c5)n4[B-](F)(F)[N+]3=C2c2cc(OC)c(OC)c(OC)c2)cc(OC)c1OC,Cc1ccccc1,670.4785247677635,52.3234107861825,4.874404759088991,698.6832127590044,57.85279413838908
COc1cc(C2=CC3=C(c4c(C)cc(C)cc4C)c4cc(-c5cc(OC)c(OC)c(OC)c5)c(-c5cc(OC)c(OC)c(OC)c5)n4[B-](F)(F)[N+]3=C2c2cc(OC)c(OC)c(OC)c2)cc(OC)c1OC,ClCCl,695.8008677097043,52.363331608621486,4.85278164954148,730.7062573033351,54.255841609461484
COc1cc(C2=CC3=C(c4c(C)cc(C)cc4C)c4cc(-c5cc(OC)c(OC)c(OC)c5)c(-c5cc(OC)c(OC)c(OC)c5)n4[B-](F)(F)[N+]3=C2c2cc(OC)c(OC)c(OC)c2)cc(OC)c1OC,C1CCOC1,660.5445800803741,51.75618053417543,4.878040259579805,690.3908422011582,52.43016374976489
COc1cc(C2=CC3=C(c4c(C)cc(C)cc4C)c4cc(-c5cc(OC)c(OC)c(OC)c5)c(-c5cc(OC)c(OC)c(OC)c5)n4[B-](F)(F)[N+]3=C2c2cc(OC)c(OC)c(OC)c2)cc(OC)c1OC,CC#N,663.3699345034381,63.018874563523674,4.786206290972379,702.5012827429076,58.46189396846799
COc1ccc2c3c(c4ccc(OC)cc4c2c1)=[N+]1C(=C(c2c(C)cc(C)cc2C)c2cc4c5ccc(OC)cc5c5cc(OC)ccc5c4n2[B-]1(F)F)C=3,C1CCCCC1,694.4676965666908,42.963632327653166,5.162975420981471,712.3749408399447,50.71430736143451
COc1ccc2c3c(c4ccc(OC)cc4c2c1)=[N+]1C(=C(c2c(C)cc(C)cc2C)c2cc4c5ccc(OC)cc5c5cc(OC)ccc5c4n2[B-]1(F)F)C=3,Cc1ccccc1,687.8776343710701,45.89013988536934,5.189680270049633,726.4121150134841,54.179585690389644
COc1ccc2c3c(c4ccc(OC)cc4c2c1)=[N+]1C(=C(c2c(C)cc(C)cc2C)c2cc4c5ccc(OC)cc5c5cc(OC)ccc5c4n2[B-]1(F)F)C=3,ClCCl,689.5246989236972,50.061507716582845,5.143634057682972,735.3128846072992,57.842720230062724
COc1ccc2c3c(c4ccc(OC)cc4c2c1)=[N+]1C(=C(c2c(C)cc(C)cc2C)c2cc4c5ccc(OC)cc5c5cc(OC)ccc5c4n2[B-]1(F)F)C=3,C1CCOC1,680.3191459064591,49.653850460770855,5.087608327357559,719.1438414254723,51.36499604374764
COc1ccc2c3c(c4ccc(OC)cc4c2c1)=[N+]1C(=C(c2c(C)cc(C)cc2C)c2cc4c5ccc(OC)cc5c5cc(OC)ccc5c4n2[B-]1(F)F)C=3,CC#N,678.3223173996582,57.845224550691924,5.067499886091328,711.4303219188563,57.43133204673888
CCOC(=O)C1c2cc(Cl)ccc2C(=O)N1c1ccc(OC)c(OC)c1,CS(C)=O,367.806065959709,76.60896493206982,4.771723730803615,485.1275410203139,107.68941486312343
CCOC(=O)C1c2ccccc2C(=O)N1c1ccccc1,CCCCCC,331.00422715741007,55.104033323267,4.783203709149653,377.3130955141278,60.74640527556672
COc1ccc(N(c2ccc(OC)cc2)c2ccc3ccc4c(B(c5c(C)cc(C)cc5C)c5c(C)cc(C)cc5C)ccc5ccc2c3c54)cc1,CCCCCC,438.29055526174125,67.80011472450911,4.060844761482999,493.1982564661133,73.78681640333743
Cc1cc(C)c(B(c2ccc(-c3cc4ccc5cccc6ccc(c3)c4c56)cc2)c2c(C)cc(C)cc2C)c(C)c1,Cc1ccccc1,393.50204951385547,43.5359755712783,3.691261488907087,448.1894002717499,55.42293948008861
O=C(O)CCCc1ccc2ccc3cccc4ccc1c2c34,CO,519.7013411995197,20.20715270678253,4.167439352685564,540.8345188981021,20.427014768472183
COc1cc2c(cc1-c1ccc(C(F)(F)F)cc1)Cc1c3c(c4c(c1-2)-c1cc(OC)c(-c2ccc(C(F)(F)F)cc2)cc1C4)C(=O)N(CCC(C)C)C3=O,C1CCOC1,396.21927594518127,89.20221018305391,4.236645678046313,479.95051097667437,68.37607011527044
COc1cc2c(cc1-c1ccc(C=O)cc1)Cc1c3c(c4c(c1-2)-c1cc(OC)c(-c2ccc(C=O)cc2)cc1C4)C(=O)N(CCC(C)C)C3=O,C1CCOC1,406.22475256399684,83.70791330033241,4.341336886039052,483.6710484901364,60.54250801968256
Cc1ccc(C#Cc2ccc(C#Cc3ccc(C#Cc4ccccc4C#N)cc3C#N)cc2C#N)cc1,ClC(Cl)Cl,379.53402155227684,75.30515751605915,4.79458289746691,440.29046414579875,62.69976768412977
CCOC(=O)c1ccc(C2=Cc3ccccc3P2(=O)c2ccccc2)cc1,ClCCl,360.11238319049085,64.23221266499486,4.250048942518397,452.80230501492076,97.15759389895791
COc1ccc(C2=Cc3ccccc3P2(=O)c2ccccc2)cc1,ClCCl,338.34239413586306,54.544868798516816,4.366389333306613,422.0178818398275,87.82271697836458
CC[N+](CC)=c1ccc2c(-c3ccccc3C(=O)O)c3c(=O)oc4cc5c(cc4c3oc-2c1)CCCN5C,ClC(Cl)Cl,614.8763439982067,55.33117201868555,4.895945142506345,649.6173730335231,56.143595549088296
CC[N+](CC)=c1ccc2c(-c3ccccc3C(=O)O)c3c(=O)oc4cc5c(cc4c3oc-2c1)CCCN5C,CCO,602.5553086912977,59.396822110157196,4.807755721169832,661.6798131755748,63.95382077842928
CC[N+](CC)=c1ccc2c(-c3ccccc3C(=O)O)c3c(=O)oc4cc5c(cc4c3oc-2c1)CCCN5C,O,609.2936898368383,73.85525947043297,4.7201420754789085,669.2939308494497,74.13141092893153
CCOC(=O)c1ccccc1-c1c2ccc(=[N+](CC)CC)cc-2oc2c1c(=O)oc1cc3c(cc12)CCCN3C,ClC(Cl)Cl,591.1905685071138,59.55734009068861,4.926979750868642,631.2700946281728,57.54796216648727
CCOC(=O)c1ccccc1-c1c2ccc(=[N+](CC)CC)cc-2oc2c1c(=O)oc1cc3c(cc12)CCCN3C,CCO,583.1957901646977,64.4636187680648,4.7808287365732545,647.2538598852868,65.72155795177513
CCOC(=O)c1ccccc1-c1c2ccc(=[N+](CC)CC)cc-2oc2c1c(=O)oc1cc3c(cc12)CCCN3C,O,593.341088702105,77.67991676975691,4.688260888714905,654.9464907757529,74.66924858204766
CCOC(=O)c1c(N)sc(/N=C/c2cccs2)c1C(=O)OCC,CC#N,407.4804699983661,105.72158485183479,4.077857513245413,517.5428410922506,112.29938050576442
CCOC(=O)c1c(N)sc(/N=C/c2ccc(-c3cccs3)s2)c1C(=O)OCC,CC#N,460.1307918888291,113.88889383992847,4.311405065340119,563.7936382814839,92.59929730226719
CCOC(=O)CC[N+]1=c2cc3c(cc2CCC1)=Cc1c(c2ccc(N(C)C)cc2oc1=O)O3,CC#N,617.2497870781781,75.3437752405012,4.567328597056074,667.9210591160825,64.80007464691819
COc1cc(N(c2ccccc2)c2ccc(C=C(C#N)C#N)c(OC)c2)ccc1C=C(C#N)C#N,Cc1ccccc1,444.7088238243539,66.64859956802727,4.638313471184363,488.7882227589769,77.79703134022718
COc1cc(N(c2ccccc2)c2ccc(C=C(C#N)C#N)c(OC)c2)ccc1C=C(C#N)C#N,C1COCCO1,437.85109860572203,72.66892354746565,4.588491993916665,522.4586292620448,95.76318019613376
COc1cc(N(c2ccccc2)c2ccc(C=C(C#N)C#N)c(OC)c2)ccc1C=C(C#N)C#N,ClCCl,445.42149925463724,71.65812459239253,4.586425649968057,532.5346217072301,94.13213885628618
COc1cc(N(c2ccccc2)c2ccc(C=C(C#N)C#N)c(OC)c2)ccc1C=C(C#N)C#N,ClC(Cl)Cl,447.7039227886404,68.88866587422376,4.580258148578264,553.7947057744566,87.7992410478708
COc1cc(N(c2ccccc2)c2ccc(C=C(C#N)C#N)c(OC)c2)ccc1C=C(C#N)C#N,CCOC(C)=O,443.62748834945876,70.57594085334472,4.682159688307922,535.10379146746,93.92436744333156
COc1cc(N(c2ccccc2)c2ccc(C=C(C#N)C#N)c(OC)c2)ccc1C=C(C#N)C#N,CC(C)=O,447.5026019717674,79.75276578283587,4.7478054679756,556.4325704534406,99.23715279037819
COc1cc(N(c2ccccc2)c2ccc(C=C(C#N)C#N)c(OC)c2)ccc1C=C(C#N)C#N,CN(C)C=O,452.0244736697876,81.51981023944312,4.541431517927608,586.857163999078,110.24402979273687
COc1cc(N(c2ccccc2)c2ccc(C=C(C#N)C#N)c(OC)c2)ccc1C=C(C#N)C#N,CC#N,461.97605255676046,70.56222496397888,4.595815406899722,570.0121051378385,112.70014323781658
c1ccc(-c2c3ccccc3cc3ccccc23)cc1,C1CCOC1,335.8851833993532,37.904762168402456,3.9952268933565462,406.92409585283934,45.19500453667651
c1ccc2c(-c3cc(-c4c5ccccc5cc5ccccc45)cc(-c4c5ccccc5cc5ccccc45)c3)c3ccccc3cc2c1,C1CCOC1,366.72836786784,45.88127555103283,4.238147384219713,445.68997845411803,50.124296259845465
CN(C)c1cc(-c2ccc(C#Cc3ccccc3)cc2)cc2ccccc12,CC#N,344.9849941298028,58.38355652810242,4.433195977999739,433.73909702995695,70.70898722166413
CN(C)c1cc(-c2ccc(C#Cc3ccccc3)cc2)cc2ccccc12,CCO,342.03581835175544,64.68506440943406,4.482081314669669,437.4073165198288,72.89944655997928
CCN(CC)c1ccc2cc(/C=C(\C#N)c3nc4ccccc4s3)c(=O)oc2c1,CC#N,523.2602868222899,99.43051911550208,4.585564707999786,598.6206328073837,64.56212707805977
CCN(CC)c1ccc2cc(/C=C(\C#N)c3nc4ccccc4s3)c(=O)oc2c1,ClCCl,543.997527080774,101.19689364085073,4.715425262304377,597.02467378924,63.08784178574435
CCN(CC)c1ccc2cc(/C=C(\C#N)c3nc4ccccc4s3)c(=O)oc2c1,C1COCCO1,504.48535751488095,93.01162995036668,4.53604865410672,558.1164362337319,59.89560471331049
CCN(CC)c1ccc2cc(/C=C(\C#N)c3nc4ccccc4s3)c(=O)oc2c1,CN(C)C=O,514.816198535603,99.80772309367413,4.662230076671924,584.1776833956701,57.16258135435504
CCN(CC)c1ccc2cc(/C=C(\C#N)c3nc4ccccc4s3)c(=O)oc2c1,CS(C)=O,527.7019726892852,109.16781745474817,4.595343906517871,597.5610481048583,62.8547292529053
CCN(CC)c1ccc2cc(/C=C(\C#N)c3nc4ccccc4s3)c(=O)oc2c1,CCOC(C)=O,513.334907796097,94.1230241220213,4.537344286494078,562.8365986539536,65.18403731800151
CCN(CC)c1ccc2cc(/C=C(\C#N)c3nc4ccccc4s3)c(=O)oc2c1,CCO,533.5210665516232,99.68218178842719,4.451288336905361,607.5538087011957,67.18806075314322
CCN(CC)c1ccc2cc(/C=C(\C#N)c3nc4ccccc4s3)c(=O)oc2c1,CO,520.975477583337,97.41422755111763,4.386338432596793,583.9757289501827,65.7839408372896
CCN(CC)c1ccc2cc(/C=C(\C#N)c3nc4ccccc4s3)c(=O)oc2c1,Cc1ccccc1,506.8836707519316,94.7353848651573,4.523974884416523,565.2014881955606,64.110088136913
CCC1(CC)c2cc(B(c3c(C)cc(C)cc3C)c3c(C)cc(C)cc3C)ccc2-c2ccc(N(c3ccccc3)c3ccc4c(c3)C(CC)(CC)c3cc(B(c5c(C)cc(C)cc5C)c5c(C)cc(C)cc5C)ccc3-4)cc21,CCCCCC,400.1122235290119,71.50147301391158,3.9324803842490113,470.49725437025705,80.1166830825746
CCC1(CC)c2cc(B(c3c(C)cc(C)cc3C)c3c(C)cc(C)cc3C)ccc2-c2ccc(N(c3ccccc3)c3ccc4c(c3)C(CC)(CC)c3cc(B(c5c(C)cc(C)cc5C)c5c(C)cc(C)cc5C)ccc3-4)cc21,Cc1ccccc1,379.91656443884307,65.56966299991707,3.777068744735482,471.16061265783975,89.95080379223734
CCC1(CC)c2cc(B(c3c(C)cc(C)cc3C)c3c(C)cc(C)cc3C)ccc2-c2ccc(N(c3ccccc3)c3ccc4c(c3)C(CC)(CC)c3cc(B(c5c(C)cc(C)cc5C)c5c(C)cc(C)cc5C)ccc3-4)cc21,CC#N,368.6615732185277,65.53206106555413,4.038449027253401,463.37009954527633,89.35774427664842
Nc1cccc2c1C(=O)c1ccccc1C2=O,ClCCl,440.1620754330763,93.34696594817329,3.7415609930298617,522.3808411771199,93.44335914110155
Cc1cc(-c2ccccc2)cc(C)[o+]1,ClCCl,344.84778668238886,44.68440795465142,4.203420265821186,424.9690863139117,70.28157134373427
Cc1cc2nc3cc(C)c(N)cc3[n+](-c3ccccc3)c2cc1N,O,401.2757939267176,77.70222602532824,4.285642742450474,471.8462706285986,72.21126749234696
Cc1cc2nc3cc(C)c(N)cc3[n+](-c3ccccc3)c2cc1N,CCO,380.4499427038379,71.94890879985255,4.19324358737941,459.47661586807897,78.24108115824055
COc1ccc(-c2c3nc(cc4ccc([nH]4)c(-c4ccc(OC)c(OCCCC(=O)O)c4)c4nc(cc5ccc2[nH]5)CC4)C=C3)cc1OCCCC(=O)O,CS(C)=O,659.967670870268,29.053069380276405,4.5083893141225895,683.0076932847237,33.31058028190765
O=C(O)CCCOc1cccc(-c2c3nc(cc4ccc([nH]4)c(-c4cccc(OCCCC(=O)O)c4)c4nc(cc5ccc2[nH]5)CC4)CC3)c1,CS(C)=O,676.6216431155293,13.518420132614331,4.4677124547298135,686.4326544675841,18.40387982030299
N#CC(C#N)=Cc1ccc(-c2ccc(N(c3ccccc3)c3ccccc3)cc2)s1,ClC(Cl)Cl,497.1994047939387,101.76941526048171,4.473164385525987,654.4867964956318,113.55080159313107
Cc1ccc(N(c2ccc(C)cc2)c2ccc(-c3ccc(C=C(C#N)C#N)s3)cc2)cc1,ClC(Cl)Cl,485.62602327358377,100.06685304916473,4.56686682196283,635.3406008849594,108.90885274505027
C[N+](C)=c1ccc2c(-c3c(Cl)c(Cl)c(Cl)c(Cl)c3C(=O)O)c3ccc4cc(O)ccc4c3oc-2c1,O,578.3270565755109,83.71497617317472,4.429537311819556,630.9462366550358,64.71228660911181
C(=C/c1ncc(-c2ccc(OCc3ccccc3)c(OCc3ccccc3)c2)o1)\c1cccc(N2CCCC2)c1,ClCCl,394.8773332513662,73.25338818959517,4.409105559395664,512.907651741406,87.96270517755006
CN(C)c1ccc(/C=C/c2cnc(/C=C/c3ccc(C#N)cc3)o2)cc1,ClCCl,394.25836373618625,92.90040229835253,4.44575740250658,519.6373635583989,112.72987941644205
CCCCCCCCCCCCC(CCCCCCCCCC)Cn1c2cc(C=C(C#N)C#N)c3cccc4c5cccc6c(C=C(C#N)C#N)cc1c(c65)c2c34,ClCCl,594.5281631956997,88.03994344686069,4.7322567966798434,665.6951551539146,61.02173048556676
CCCCCCCCCCCCC(CCCCCCCCCC)Cn1c2cc(C=C(C#N)C#N)c3cccc4c5cccc6c(C=C(C#N)C#N)cc1c(c65)c2c34,Cc1ccccc1,588.9698236162853,90.74087071632391,4.551324275782124,622.0370489006707,49.89288078222283
CCCCCCCCCCCCC(CCCCCCCCCC)Cn1c2cc(C=C(C#N)C#N)c3cccc4c5cccc6c(C=C(C#N)C#N)cc1c(c65)c2c34,CC#N,577.178623965925,87.94297225882552,4.631168606046584,661.5430723384457,77.96071270868764
CCCCCCCCCCCCC(CCCCCCCCCC)Cn1c2cc(C=C(C#N)C#N)c3cccc4c5cccc6c(C=C(C#N)C#N)cc1c(c65)c2c34,C1CCCCC1,580.153944455751,87.56793330240387,4.730158670405282,632.0065208608735,60.992957542911356
F[B-]1(F)OC(c2ccccc2)=C(c2ccccc2)c2sc3ccccc3[n+]21,C1CCOC1,422.5761520598447,57.5211664098964,4.3390146072490365,482.68329554153064,68.25740156507807
CCOC(=O)c1ccc(C2=C(c3ccccc3)c3sc4ccccc4[n+]3[B-](F)(F)O2)cc1,C1CCOC1,449.82149247656815,64.75057606129246,4.369737398313637,505.0325228488728,71.94086506829892
NS(=O)(=O)c1ccc(N2N=C(c3ccc(O)cc3)CC2c2ccc(F)cc2)cc1,C1CCOC1,370.3081410216309,61.77493067973579,5.445961431364481,414.5736831688025,62.68178989826769
NS(=O)(=O)c1ccc(N2N=C(c3ccc(O)cc3)CC2c2ccc(F)cc2)cc1,CCOC(C)=O,358.8545872515351,58.55292386483244,5.448221821280142,413.9302848464208,61.89516787879312
NS(=O)(=O)c1ccc(N2N=C(c3ccc(O)cc3)CC2c2ccc(F)cc2)cc1,CN(C)C=O,363.4703119286625,61.61823416684115,5.458764019299519,429.2387218670325,64.50475325529173
NS(=O)(=O)c1ccc(N2N=C(c3ccc(O)cc3)CC2c2ccc(F)cc2)cc1,CS(C)=O,369.2681370679687,63.52470738582254,5.501466245125596,433.93234085014745,65.03040039510324
NS(=O)(=O)c1ccc(N2N=C(c3ccc(O)cc3)CC2c2ccc(F)cc2)cc1,CC#N,359.0402539222307,59.21517814694822,5.5446235981446215,414.2763460195186,64.05051678477444
NS(=O)(=O)c1ccc(N2N=C(c3ccc(O)cc3)CC2c2ccc(F)cc2)cc1,CC(C)O,360.69067807032127,58.146918289135684,5.5290378053888825,424.15186141845345,72.96188738892997
NS(=O)(=O)c1ccc(N2N=C(c3ccc(O)cc3)CC2c2ccc(F)cc2)cc1,CCO,361.4463321386796,61.57649826641897,5.545635591729675,430.2338738722249,73.41059026128933
NS(=O)(=O)c1ccc(N2N=C(c3ccc(O)cc3)CC2c2ccc(F)cc2)cc1,CO,366.552904170916,58.972942850179614,5.586627768485892,432.07957366341947,73.73270548349242
NS(=O)(=O)c1ccc(N2N=C(c3ccc(O)cc3)CC2c2ccc(F)cc2)cc1,O,365.5919095362487,57.36372643670258,5.122628858047056,445.3201462288081,78.80623904331988
CCn1c(-c2ccc(-c3ccc(-c4ccc(-c5n(CC)c6cc(C)ccc6[n+]5CC)cc4)cc3)cc2)[n+](CC)c2ccc(C)cc21,O,314.9178958219294,61.83100099853646,4.734282726683053,402.67855698278294,66.03219251687179
CN1/C(=C/C=C(/C=C/C2=[N+](C)c3ccccc3C2(C)C)c2cccc(C(F)(F)F)c2)C(C)(C)c2ccccc21,CS(C)=O,639.3603959740351,38.62700253114198,5.304507342158192,660.5225693683878,37.87407489587237
CN1/C(=C/C=C(/C=C/C2=[N+](C)c3ccccc3C2(C)C)c2cccc(C(F)(F)F)c2)C(C)(C)c2ccccc21,CO,647.5276117629869,38.175670386874756,5.309704761817823,677.3291012756488,41.26125882927121
CN1/C(=C/C=C(/C=C/C2=[N+](C)c3ccccc3C2(C)C)c2cccc(C(F)(F)F)c2)C(C)(C)c2ccccc21,CCO,640.7743019870207,38.77873106802636,5.264363308451713,665.5225828626392,45.31841030651118
COc1ccc(C2=CC(c3ccc4cc(N(C)C)ccc4c3)=[O+][B-](F)(F)O2)cc1,Cc1ccccc1,444.3506576134322,66.51479850055526,4.60378788835104,536.4247589997784,93.66654390092455
COc1ccc(C2=CC(c3ccc4cc(N(C)C)ccc4c3)=[O+][B-](F)(F)O2)cc1,ClCCl,431.1860893256991,67.41081913390236,4.698468889778928,556.5972537343008,109.95028524824899
COc1ccc(C2=CC(c3ccc4cc(N(C)C)ccc4c3)=[O+][B-](F)(F)O2)cc1,ClC(Cl)Cl,459.7372616871379,62.15386837736927,4.642631836726348,552.0480987682035,87.33289341709373
COc1ccc(C2=CC(c3ccc4cc(N(C)C)ccc4c3)=[O+][B-](F)(F)O2)cc1,C1CCOC1,425.8541139289526,65.14404221227264,4.617446983899714,537.0928238592159,96.08320238356994
COc1ccc(C2=CC(c3ccc4cc(N(C)C)ccc4c3)=[O+][B-](F)(F)O2)cc1,CC(C)=O,436.66368423087425,66.8120852623354,4.673823213923145,546.5585742882619,94.6615320883532
COc1ccc(C2=CC(c3ccc4cc(N(C)C)ccc4c3)=[O+][B-](F)(F)O2)cc1,CC#N,434.2699332460289,68.65277449967847,4.749314144618913,571.5421811953165,100.7422584910407
COc1ccc(C2=CC(c3ccc4cc(N(C)C)ccc4c3)=[O+][B-](F)(F)O2)cc1,CS(C)=O,445.6958978090204,70.9467879736289,4.675266575780294,580.9997132142195,99.60269848399481
O=c1c2ccccc2nc2ccccn12,ClCCl,327.472181174971,34.98025351127092,4.277922635575439,351.85156088366534,42.44860036874381
O=c1c2cc(C#Cc3ccc(Cl)cc3)ccc2nc2ccc(C#Cc3ccc(Cl)cc3)cn12,ClCCl,384.20398997016684,63.89842179827709,5.007917673708497,446.24523332896416,71.83389421757575
Cc1cccc(C)c1N1C(c2ccccc2)=Cc2cccc[n+]2[B-]1(F)F,ClCCl,409.98756484494953,48.11494346905002,4.501313738421902,460.7976399335314,59.04489371785735
COc1ccc(C2=N/C(=C\c3ccc(C#N)cc3)C(=O)O2)cc1OC,C1COCCO1,444.4522772059821,67.4971624820699,4.5504481247910435,509.8180179739219,80.0711195070349
O=c1c2ccccc2c2c3c(cccc13)c(-c1ccccc1)c1c3cccc4cccc(c43)c12,CO,449.8468610172158,37.535218826939655,4.705987068072902,519.1613002977526,50.86924064595644
O=c1c2ccccc2c2c3c(cccc13)c(-c1ccccc1)c1c3cccc4cccc(c43)c12,CC#N,457.670182339788,41.006282459186465,4.37587882723049,482.99652227036273,50.226191854812036
C(=C/c1ccc(N(c2ccccc2)c2ccccc2)cc1)\c1ccc(/C=C/c2ccc(N(c3ccccc3)c3ccccc3)cc2)cc1,Cc1ccccc1,412.4702993563332,63.15462755469329,5.0533853667339645,459.42763857582446,46.55505915675787
CCCCCCCCn1c2ccc(/C=C/c3ccc(N(c4ccccc4)c4ccccc4)cc3)cc2c2cc3c(cc21)c1cc(/C=C/c2ccc(N(c4ccccc4)c4ccccc4)cc2)ccc1n3CCCCCCCC,Cc1ccccc1,413.0232534742722,74.59161332401703,4.995745868808212,482.9065154907284,61.453642037577325
Cn1nc(-c2ccccc2)c2nc3cc(Cl)ccc3nc21,C1CCCCC1,421.3240066467221,60.127808684191194,3.8319289531683145,483.16261209559855,63.65862666594405
Cn1nc(-c2ccccc2)c2nc3cc(Cl)ccc3nc21,C1CCOC1,438.5891703554093,64.74532894725778,3.8819313669649302,516.0977079531449,73.38816968700824
Cn1nc(-c2ccccc2)c2nc3cc(Cl)ccc3nc21,CC#N,433.6873931186235,67.42415835714135,3.7611039957090746,535.3228679148183,94.60454717407224
CCN(CC)c1ccc(/C=C2\CC/C(=C\c3ccc(N(c4ccc(/C=C5\CC/C(=C\c6ccc(N(CC)CC)cc6)C5=C(C#N)C#N)cc4)c4ccc(/C=C5\CC/C(=C\c6ccc(N(CC)CC)cc6)C5=C(C#N)C#N)cc4)cc3)C2=C(C#N)C#N)cc1,CN(C)C=O,642.5438675866862,147.4496884724124,4.8990956465990925,783.384862790595,92.93409172682333
Oc1ccc(C2=N[N+]3=Cc4c(ccc5ccccc45)O[B-]3(c3ccc([B-]45OC(c6ccc(O)cc6)=N[N+]4=Cc4c(ccc6ccccc46)O5)cc3)O2)cc1,C1CCOC1,445.9417888232979,78.89601084860092,4.589468126658634,482.9689039499336,55.7083448838047
c1cc2c3c(c1)ccc1[n+]3[B-]3(Oc4cccc5ccc6[n+](c45)[B-](O2)(O3)n2c-6cc3c4ccccc4c4ccccc4c32)n2c-1cc1c3ccccc3c3ccccc3c12,ClCCl,493.1706615771302,94.70431203726802,4.217251754438513,569.4439275423199,90.11936065891328
CCCCOc1ccc(-c2oc3cc4n(c3c2-c2ccc(OCCCC)cc2)[B-](F)(F)[N+]2=Cc3cc5oc(-c6ccc(OCCCC)cc6)c(-c6ccc(OCCCC)cc6)c5n3[B-](F)(F)[N+]2=C4)cc1,Cc1ccccc1,621.0655031834146,89.50204527074969,5.087598123776069,640.3340716111614,34.24699020876881
CCCCOc1ccc(-c2oc3cc4n(c3c2-c2ccc(OCCCC)cc2)[B-](F)(F)[N+]2=Cc3cc5oc(-c6ccc(OCCCC)cc6)c(-c6ccc(OCCCC)cc6)c5n3[B-](F)(F)[N+]2=C4)cc1,C1CCOC1,613.8003845296711,95.19384660306292,4.983362873500354,649.1560747199447,39.80429292824779
CCCCOc1ccc(-c2oc3cc4n(c3c2-c2ccc(OCCCC)cc2)[B-](F)(F)[N+]2=Cc3cc5oc(-c6ccc(OCCCC)cc6)c(-c6ccc(OCCCC)cc6)c5n3[B-](F)(F)[N+]2=C4)cc1,ClC(Cl)Cl,626.84501395212,88.12484634069853,5.15266962570765,658.054794045431,36.08509899792567
CCCCOc1ccc(-c2oc3cc4n(c3c2-c2ccc(OCCCC)cc2)[B-](F)(F)[N+]2=Cc3cc5oc(-c6ccc(OCCCC)cc6)c(-c6ccc(OCCCC)cc6)c5n3[B-](F)(F)[N+]2=C4)cc1,ClCCl,622.7162018509789,93.27923208531072,5.003950467834553,649.6945475454996,44.283676457375044
CCCCOc1ccc(-c2oc3cc4n(c3c2-c2ccc(OCCCC)cc2)[B-](F)(F)[N+]2=Cc3cc5oc(-c6ccc(OCCCC)cc6)c(-c6ccc(OCCCC)cc6)c5n3[B-](F)(F)[N+]2=C4)cc1,CN(C)C=O,607.0999785779888,100.09046676438192,4.959148588162849,652.408994269215,40.771375556798304
CCCCOc1ccc(-c2oc3cc4n(c3c2-c2ccc(OCCCC)cc2)[B-](F)(F)[N+]2=Cc3cc5oc(-c6ccc(OCCCC)cc6)c(-c6ccc(OCCCC)cc6)c5n3[B-](F)(F)[N+]2=C4)cc1,CS(C)=O,630.2771609908531,104.23201993128939,4.898927346827664,670.1221789522757,45.126251801547625
CCC12C(=C3C(=C4c5ccc(-c6ccc(CO)cc6)cc5S(=O)(=O)C41CC)C(F)(F)C(F)(F)C3(F)F)c1ccc(-c3ccc(CO)cc3)cc1S2(=O)=O,C1COCCO1,466.9833010332056,89.9288895212062,4.685791733225353,561.8007488224346,96.32500761035087
Cc1ccc(C2=Nc3cccc4[n+]3[B-](F)(O2)OC(c2ccc(C)cc2)=N4)cc1,ClCCl,405.08297378355854,61.78132260008282,4.7106751836744944,449.9884685188662,53.3693989592919
c1ccc([B-]23NC(C4CCCCC4)=Nc4cccc([n+]42)N=C(C2CCCCC2)N3)cc1,ClCCl,401.0092355177791,57.929650867414914,3.9669152174963833,460.3696886313009,57.42278705945473
Nc1cc2nc3cc(Cl)c(Cl)cc3nc2cc1N,CCO,452.42038140620616,81.22142803112324,4.258395383192071,542.1274770891474,76.31884203524028
CNc1ccc2nc3cc(Cl)c(Cl)cc3nc2c1,CCO,456.0865383217579,74.4016210914045,4.118100231008913,527.882779956415,70.44797978564667
Fc1cccc(F)c1[B-]1(c2c(F)cccc2F)Oc2c(ccc3c4c(ccc23)C=[N+](c2ccccc2)[B-](c2c(F)cccc2F)(c2c(F)cccc2F)O4)C=[N+]1c1ccccc1,ClCCl,520.7284427379191,84.41084956662206,4.142237544561636,568.9892322988005,84.12327881351322
Fc1cccc(F)c1[B-]1(c2c(F)cccc2F)Oc2c(ccc3c4c(ccc23)C=[N+](c2ccccc2)[B-](c2c(F)cccc2F)(c2c(F)cccc2F)O4)C=[N+]1c1ccccc1,Cc1ccccc1,505.07162326371486,89.31058654227226,4.047277735460324,572.2852316037794,100.70944247146691
CCCCCCOc1ccc(N(c2ccc(OCCCCCC)cc2)c2ccc(-c3sc(-c4ccc(N(c5ccc(OCCCCCC)cc5)c5ccc(OCCCCCC)cc5)cc4)c4nc(CC)c(CC)nc34)cc2)cc1,ClCCl,572.8967280411425,147.84384770268247,4.208977836313506,788.0718967942539,159.09267996763197
CC1(C)CC(/C=C/c2ccc(N3CCOCCOCCOCCOCC3)cc2)=CC(=C(C#N)C#N)C1,c1ccccc1,360.2498390126667,69.94505419610498,4.2153028407124475,466.3519495006751,102.24902353458148
CC1(C)CC(/C=C/c2ccc(N3CCOCCOCCOCCOCC3)cc2)=CC(=C(C#N)C#N)C1,ClCCl,365.16883581024774,70.90978448395735,4.237876811340796,494.9453835771998,95.0660236278392
CC1(C)CC(/C=C/c2ccc(N3CCOCCOCCOCCOCC3)cc2)=CC(=C(C#N)C#N)C1,C1CCOC1,393.2286869436766,78.49534293659066,4.2898372746283,522.9748898423375,101.68391671829337
CC1(C)CC(/C=C/c2ccc(N3CCOCCOCCOCCOCC3)cc2)=CC(=C(C#N)C#N)C1,CCOC(C)=O,396.108553090799,71.8539841701135,4.484552398161537,528.980766486249,102.56216479165406
CC1(C)CC(/C=C/c2ccc(N3CCOCCOCCOCCOCC3)cc2)=CC(=C(C#N)C#N)C1,CCO,393.56969895558257,79.62052244170502,4.514442025271317,534.9844741422502,93.57643026893271
CC1(C)CC(/C=C/c2ccc(N3CCOCCOCCOCCOCC3)cc2)=CC(=C(C#N)C#N)C1,CC#N,386.87856130422585,72.36990068333849,4.363855834447451,529.7059614696484,104.29795372204023
C#CCn1c2ccccc2c2cc(/C=C/c3cc(C)c4n3[B-](F)(F)[N+]3=C(C)C=C(C)C3=C4c3ccc(I)cc3)ccc21,ClC(Cl)Cl,621.6482165195357,41.18469114460996,4.988349429029728,630.0224882594945,40.11250958249791
C#CCn1c2ccccc2c2cc(/C=C/c3cc(C)c4n3[B-](F)(F)[N+]3=C(C)C=C(C)C3=C4c3ccc(I)cc3)ccc21,CC#N,608.9445010663236,45.99549202238165,5.030013529423972,640.5713720796173,51.03992197434776
C#CCn1c2ccccc2c2cc(/C=C/c3cc(C)c4n3[B-](F)(F)[N+]3=C(C)C=C(C)C3=C4c3ccc(I)cc3)ccc21,CS(C)=O,643.4425397646514,52.193388294406915,4.904715150458129,665.9560819497594,49.992593775619405
FC(F)(F)c1ccc(-c2c3cccc4c5cccc6c(-c7ccc(C(F)(F)F)cc7)c7cccc8c9cccc2c9c(c34)c(c65)c78)cc1,Cc1ccccc1,540.3855959314956,50.16090263965933,4.048443198029756,573.7172716690354,44.02198425761357
