smiles,solvent,abs_peakwavs_max,abs_bandwidth,abs_molar_ext_coeff
O=c1ccc2ccccc2o1,O,314.80750357810575,43.58652691590818,4.073137130659842
CCCCCCCCC1(CCCCCCCC)c2cc(-c3ccccc3)ccc2-c2ccc(-c3ccccc3)cc21,ClC(Cl)Cl,413.50796135289266,77.26525919546049,4.932238036574773
CCN(CC)c1ccc2c(-c3ccccc3C(=O)O)c3c([o+]c2c1)/C(=C/c1nc(C)n2ccccc12)CCC3,ClCCl,557.2255889648511,77.34762412441239,4.690372783663941
Cc1cc(=O)oc2cc3cc(O)ccc3cc12,CC#N,371.56605225687997,58.16346757954238,4.393113824766518
COc1ccc(C2=C(c3ccccc3)C(c3ccccc3)=[N+]3C2=Nc2c(-c4ccc(OC)cc4)c(-c4ccccc4)c(-c4ccccc4)n2[B-]3(F)F)cc1,Cc1ccccc1,622.5196012082399,61.96101907980919,4.710805185613594
O=c1c(N(c2ccccc2)c2ccccc2)c([O-])c1=[N+](c1ccccc1)c1ccccc1,CN(C)C=O,503.5984001320798,87.3562505738396,4.599881276062634
COC(=O)c1nc(Cl)c(-c2ccccc2)o1,C1CCCCC1,347.689769130538,45.5689091145884,4.029469787567762
COC(=O)C(NC(=O)OC(C)(C)C)c1ccc2oc(-c3ccc(O)cc3O)nc2c1,CO,345.23522377906875,45.992862506138344,4.103004432975909
CCCCN1/C(=C/C=C/C2=[N+](C)c3ccccc3C2(C)C)C(C)(C)c2cc(OC)ccc21,CS(C)=O,633.6383853782344,54.56697100122281,5.024082647213028
Cc1cc(C)c(C2=C3C=CC=[N+]3[B-]3(F)Oc4cc(O)cc5c6ccc(C)cc6c6cc2n3c6c45)c(C)c1,ClC(Cl)Cl,630.7541447556185,53.71117750987882,4.7698062486656045
c1ccc(-c2nn(-c3ccccc3)c3nc4ccc(-n5c6ccccc6c6ccccc65)cc4cc23)cc1,C1CCCCC1,383.167113498193,59.835963608445894,4.263718808546214
c1ccc(-c2nn(-c3ccccc3)c3nc4ccc(-n5c6ccccc6c6ccccc65)cc4cc23)cc1,CC#N,382.96825880570503,66.50044529220702,4.331158005109061
CC(=O)Nc1ccccc1C(=O)OC1CC(C)CCC1C(C)C,CCO,415.0420648954118,65.26609286396257,4.032534016096364
COc1cc(OC)cc(C2=C3C(C)=C(I)C(/C=C/c4c[nH]c5ccc([N+](=O)[O-])cc45)=[N+]3[B-](F)(F)n3c(/C=C/c4c[nH]c5ccc([N+](=O)[O-])cc45)c(I)c(C)c32)c1,ClCCl,588.9324779577773,79.2781964508842,4.552822819178358
COc1cc(OC)cc(C2=C3C(C)=C(I)C(/C=C/c4c[nH]c5ccc([N+](=O)[O-])cc45)=[N+]3[B-](F)(F)n3c(/C=C/c4c[nH]c5ccc([N+](=O)[O-])cc45)c(I)c(C)c32)c1,C1CCOC1,591.9842540238775,79.3574816915192,4.587003328851134
COc1cc(OC)cc(C2=C3C(C)=C(I)C(/C=C/c4c[nH]c5ccc([N+](=O)[O-])cc45)=[N+]3[B-](F)(F)n3c(/C=C/c4c[nH]c5ccc([N+](=O)[O-])cc45)c(I)c(C)c32)c1,CS(C)=O,597.498397317541,82.49846724948985,4.562613787661208
CC(C)(C)c1ccc2c(c1)c1cc(C(C)(C)C)ccc1n2-c1ccc(C#Cc2ccc3c4ccc(C#Cc5ccc(C=O)cc5)cc4n(-c4ccc(C(F)(F)F)cc4)c3c2)cc1,ClCCl,401.8666034820589,71.86897772256945,4.595004480294126
CC(C)(C)c1ccc2c(c1)c1cc(C(C)(C)C)ccc1n2-c1ccc2c(c1)C(=O)c1ccc(-n3c4ccc(C(C)(C)C)cc4c4cc(C(C)(C)C)ccc43)cc1C2=O,Cc1ccccc1,449.0964754043209,66.28861487982779,4.445791656229084
CC(C)(C)c1ccc2c(c1)c1cc(C(C)(C)C)ccc1n2-c1ccc(-c2ccc3c(c2)C(=O)c2ccc(-c4ccc(-n5c6ccc(C(C)(C)C)cc6c6cc(C(C)(C)C)ccc65)cc4)cc2C3=O)cc1,Cc1ccccc1,423.41768791412824,68.14259156492615,4.4575343058796015
ClB1c2ccccc2Nc2ccccc21,ClCCl,342.42612903750035,59.019875713051036,4.175345247576802
Clc1cc(Cl)c(B2c3ccccc3Nc3ccccc32)c(Cl)c1,ClCCl,380.1330636318127,66.84803942591509,4.217949082889671
c1cc2ccc1-c1ccc(cc1)-c1ccc([se]1)-c1ccc(cc1)-c1ccc(cc1)-c1ccc([se]1)-c1ccc(cc1)-c1ccc(cc1)-c1ccc([se]1)-c1ccc(cc1)-c1ccc(cc1)-c1ccc-2[se]1,C1CCOC1,326.46369888760194,65.43411688719155,4.454169902584606
c1ccc(-c2pc3ccccc3s2)cc1,CC#N,333.21148917810285,55.579960305763606,4.169424606048636
CC1=[N+]2C(=C(Oc3ccccc3)c3ccc(C)n3[B-]2(F)F)C=C1c1cc2n(c1)[B-](F)(F)[N+]1=CC=CC1=C2c1c(C)cc(C)cc1C,C1CCCCC1,600.7875851000899,59.10538438553371,4.613636325399679
CC1=[N+]2C(=C(Oc3ccccc3)c3ccc(C)n3[B-]2(F)F)C=C1c1cc2n(c1)[B-](F)(F)[N+]1=CC=CC1=C2c1c(C)cc(C)cc1C,CCOC(C)=O,577.1626241857507,67.44367052940187,4.628808527180466
CCN(CC)c1ccc(/C=N/CC/N=C/c2ccc(N(CC)CC)cc2O)c(O)c1,CC#N,529.1846647324022,100.0318705521012,4.825975589671998
CCN(CC)c1ccc(/C=N/C2CCCCC2/N=C/c2ccc(N(CC)CC)cc2O)c(O)c1,CC#N,514.7848352766857,97.35710619018492,4.775639283675253
CCCCCCCCN1C(=O)c2ccc3c4c(-c5ccc6c(c5)c5ccccc5n6-c5ccccc5)cc5c6c(ccc(c7c(-c8ccc9c(c8)c8ccccc8n9-c8ccccc8)cc(c2c37)C1=O)c64)C(=O)N(CCCCCCCC)C5=O,ClC(Cl)Cl,502.1102723328528,79.72058838765275,4.564152212318962
COc1ccc(-c2cc3c(s2)c(-c2ccccc2)cc(=O)n3C)cc1,ClCCl,388.08977820363907,67.85515184451253,4.521836215351762
Cc1cc(C)c(C2=C3C=C(/C=C/C(=O)OC(C)(C)C)C=[N+]3[B-](F)(F)n3cc(/C=C/C(=O)OC(C)(C)C)cc32)c(C)c1,ClCCl,534.2324223150263,73.94874723730004,4.428966959104765
CCCCNc1ccc2n1[B-](F)(F)[N+]1=CC(/C=C/C(=O)OC(C)(C)C)=CC1=C2c1c(C)cc(C)cc1C,ClCCl,556.5845697117288,72.26332141157181,4.518774377672572
CN(C)c1ccc(C2=Nc3scc(-c4ccc([N+](=O)[O-])cc4)[n+]3[B-](F)(F)O2)cc1,Cc1ccccc1,431.12668963804254,73.48723733821281,4.4825194067528615
CN(C)c1ccc(C2=Nc3scc(-c4ccc([N+](=O)[O-])cc4)[n+]3[B-](F)(F)O2)cc1,ClCCl,428.8361116339821,76.24996462294142,4.5375785532114925
CN(C)c1ccc(C2=Nc3scc(-c4ccc([N+](=O)[O-])cc4)[n+]3[B-](F)(F)O2)cc1,C1CCOC1,415.5411856658194,72.74495976196977,4.535201476539389
CN(C)c1ccc(C2=Nc3scc(-c4ccc([N+](=O)[O-])cc4)[n+]3[B-](F)(F)O2)cc1,CC#N,422.35884588035947,74.11238023963129,4.541081980777396
Cc1cc(C)c(C2=C3C=c4c(c5ccc(C(C)(C)C)cc5c5cc(C(C)(C)C)ccc45)=[N+]3[B-](F)(F)n3c2cc2c4ccc(C(C)(C)C)cc4c4cc(C(C)(C)C)ccc4c23)c(C)c1,C1CCCCC1,624.813988567541,51.614389820318344,4.743861069607771
Cc1cc(C)c(C2=C3C=c4c(c5ccc(C(C)(C)C)cc5c5cc(C(C)(C)C)ccc45)=[N+]3[B-](F)(F)n3c2cc2c4ccc(C(C)(C)C)cc4c4cc(C(C)(C)C)ccc4c23)c(C)c1,Cc1ccccc1,629.1046177493074,53.912165497726164,4.7742102222656815
Cc1cc(C)c(C2=C3C=c4c(c5ccc(C(C)(C)C)cc5c5cc(C(C)(C)C)ccc45)=[N+]3[B-](F)(F)n3c2cc2c4ccc(C(C)(C)C)cc4c4cc(C(C)(C)C)ccc4c23)c(C)c1,ClCCl,615.4711639042953,54.796809745291455,4.735828858857396
Cc1cc(C)c(C2=C3C=c4c(c5ccc(C(C)(C)C)cc5c5cc(C(C)(C)C)ccc45)=[N+]3[B-](F)(F)n3c2cc2c4ccc(C(C)(C)C)cc4c4cc(C(C)(C)C)ccc4c23)c(C)c1,C1CCOC1,618.4582444205581,55.106795236635755,4.7600382522608715
Cc1cc(C)c(C2=C3C=c4c(c5ccc(C(C)(C)C)cc5c5cc(C(C)(C)C)ccc45)=[N+]3[B-](F)(F)n3c2cc2c4ccc(C(C)(C)C)cc4c4cc(C(C)(C)C)ccc4c23)c(C)c1,CC#N,613.8435279927671,53.891087733751284,4.774181097372823
COc1cc2c3c(c4cc(OC)c(OC)c(OC)c4c2c(OC)c1OC)=[N+]1C(=C(c2c(C)cc(C)cc2C)c2cc4c5cc(OC)c(OC)c(OC)c5c5c(OC)c(OC)c(OC)cc5c4n2[B-]1(F)F)C=3,C1CCCCC1,620.2444510929042,54.25578933273836,4.780463104922376
COc1cc2c3c(c4cc(OC)c(OC)c(OC)c4c2c(OC)c1OC)=[N+]1C(=C(c2c(C)cc(C)cc2C)c2cc4c5cc(OC)c(OC)c(OC)c5c5c(OC)c(OC)c(OC)cc5c4n2[B-]1(F)F)C=3,Cc1ccccc1,626.8089733027768,56.70310514570177,4.819719185946167
COc1cc2c3c(c4cc(OC)c(OC)c(OC)c4c2c(OC)c1OC)=[N+]1C(=C(c2c(C)cc(C)cc2C)c2cc4c5cc(OC)c(OC)c(OC)c5c5c(OC)c(OC)c(OC)cc5c4n2[B-]1(F)F)C=3,ClCCl,612.4722616889355,57.62369372463473,4.767294726561469
COc1cc2c3c(c4cc(OC)c(OC)c(OC)c4c2c(OC)c1OC)=[N+]1C(=C(c2c(C)cc(C)cc2C)c2cc4c5cc(OC)c(OC)c(OC)c5c5c(OC)c(OC)c(OC)cc5c4n2[B-]1(F)F)C=3,C1CCOC1,613.1314198219287,57.51206204043204,4.79249204792269
COc1cc2c3c(c4cc(OC)c(OC)c(OC)c4c2c(OC)c1OC)=[N+]1C(=C(c2c(C)cc(C)cc2C)c2cc4c5cc(OC)c(OC)c(OC)c5c5c(OC)c(OC)c(OC)cc5c4n2[B-]1(F)F)C=3,CC#N,612.5988592614335,56.57229648201705,4.813641327956553
COc1cc2c(cc1-c1ccncc1)Cc1c3c(c4c(c1-2)-c1cc(OC)c(-c2ccncc2)cc1C4)C(=O)N(CCC(C)C)C3=O,C1CCOC1,435.0991741679597,69.86091712012849,4.451549444687184
COc1cc2c(cc1-c1ccc(C=O)cc1)Cc1c3c(c4c(c1-2)-c1cc(OC)c(-c2ccc(C=O)cc2)cc1C4)C(=O)N(CCC(C)C)C3=O,C1CCOC1,430.23913843713274,73.196884050202,4.476663984698703
COc1cc2c(cc1-c1ccc(F)cc1)Cc1c3c(c4c(c1-2)-c1cc(OC)c(-c2ccc(F)cc2)cc1C4)C(=O)N(CCC(C)C)C3=O,C1CCOC1,437.2737477815539,72.16630835070367,4.487949431491335
COc1cc2c(cc1-c1ccc(C)cc1)Cc1c3c(c4c(c1-2)-c1cc(OC)c(-c2ccc(C)cc2)cc1C4)C(=O)N(CCC(C)C)C3=O,C1CCOC1,435.1402834599318,70.33580142399974,4.4886479217700535
N#Cc1ccc(C#Cc2ccc(C#Cc3ccc(C#Cc4ccccc4C#N)cc3C#N)cc2C#N)cc1,ClC(Cl)Cl,361.6418120521775,72.60696791781139,4.901779252603746
COc1ccc(/C=C/C2=[O+][B-](F)(F)OC(/C=C/c3ccc(OC)c4ccccc34)=C2c2ccccc2)c2ccccc12,ClCCl,492.32790521516336,79.28931974673311,4.595822491308536
COc1ccc2cc(/C=C/C3=[O+][B-](F)(F)OC(/C=C/c4ccc5cc(OC)ccc5c4)=C3c3ccccc3)ccc2c1,ClCCl,479.06784516445646,81.69537896390564,4.6451076576436625
Cn1c2ccccc2c2cc(/C=C/C3=[O+][B-](F)(F)OC(/C=C/c4ccc5c(c4)c4ccccc4n5C)=C3c3ccccc3)ccc21,ClCCl,493.03479774378474,78.84216901137813,4.560986329220287
Cn1c2ccc(S(=O)(=O)Cl)cc2c(=O)c2cc(S(=O)(=O)Cl)ccc21,CS(C)=O,381.68286171792334,45.50440191560115,4.642941446644851
CCN(CC)c1ccc2cc(-c3nc4cc(C(=O)Nc5ccccc5)ccc4o3)c(=O)oc2c1,ClCCl,445.95801111079413,85.48888562931829,4.588249649670517
CCN(CC)c1ccc2cc(-c3nc4cc(C(=O)Nc5ccccc5Cl)ccc4o3)c(=O)oc2c1,ClCCl,450.5854349127755,86.13838966421427,4.576713236139427
O=S1(=O)c2ccccc2-c2c1c1ccccc1p2-c1ccccc1,ClCCl,354.31315857672973,59.34788303086297,4.4445110738131035
CCOC(=O)c1c(/N=C/c2cccs2)sc(/N=C/c2ccc(-c3cccs3)s2)c1C(=O)OCC,CC#N,478.3204218896901,91.62216947968662,4.55196927869266
Cc1ccc(-n2c3ccccc3c3cc(C(=C(C#N)C#N)c4ccccc4)ccc32)cc1,Cc1ccccc1,432.11352533437474,73.88413136036564,4.427932402338454
Cc1ccc(-n2c3ccccc3c3cc(C(=C(C#N)C#N)c4ccccc4)ccc32)cc1,C1CCOC1,412.7298941960622,73.7910756881889,4.479050849363406
Cc1ccc(-n2c3ccccc3c3cc(C(=C(C#N)C#N)c4ccccc4)ccc32)cc1,CCOC(C)=O,410.44647143092885,78.31903511764986,4.572738391029121
Cc1ccc(-n2c3ccccc3c3cc(C(=C(C#N)C#N)c4ccccc4)ccc32)cc1,ClC(Cl)Cl,448.7617886273391,78.55640070921046,4.4902672803029615
Cc1ccc(-n2c3ccccc3c3cc(C(=C(C#N)C#N)c4ccccc4)ccc32)cc1,CC#N,422.15765478332395,76.63044395674572,4.496763058770094
Cc1ccc(-n2c3ccccc3c3cc(C(=C(C#N)C#N)c4ccccc4)ccc32)cc1,CC(C)=O,426.38038220792555,77.74894083520914,4.543903472885522
Cc1ccc(-n2c3ccccc3c3cc(C(=C(C#N)C#N)c4ccccc4)ccc32)cc1,CO,416.6930838991922,76.28035558318192,4.412380607932
Cc1ccc(-n2c3ccccc3c3cc(C(=C(C#N)C#N)c4ccccc4)ccc32)cc1,CS(C)=O,443.13419956014593,74.30990708676447,4.428267251666345
CCOC(=O)CC[N+]1=c2cc3c(cc2CCC1)=Cc1c(c2cc4c5c(c2oc1=O)CCCN5CCC4)O3,CC#N,554.9193735575277,71.60409609831727,4.644925902373232
CCCCN(CCCC)c1ccc(/C=C/c2ccc3nc(/C=C/c4nc5ccc(/C=C/c6ccc(N(CCCC)CCCC)cc6)cc5n(CCC)c4=O)c(=O)n(CCC)c3c2)cc1,C1COCCO1,460.9926735854452,99.0915831955956,4.716712786144957
CCCCN(CCCC)c1ccc(/C=C/c2ccc3nc(/C=C/c4nc5ccc(/C=C/c6ccc(N(CCCC)CCCC)cc6)cc5n(CCC)c4=O)c(=O)n(CCC)c3c2)cc1,ClCCl,478.0261118974123,101.61567242114401,4.709877434611093
c1ccc(-c2c3ccccc3cc3ccccc23)cc1,C1CCOC1,325.3560399664241,49.837866684626555,4.194313841105404
O=C1Cc2cc3c(cc2CCCc2ccc(cc2)CCC3)CC(=O)Cc2ccc(c3nsnc23)C1,C1CCCCC1,374.6832032078353,54.50379960534754,4.378995018558672
CCN(CC)c1ccc2c(C#N)c(/C=C(\C#N)c3nc4ccccc4o3)c(=O)oc2c1,CC#N,498.6203823205242,92.2516638173201,4.6041073125063425
CCN(CC)c1ccc2c(C#N)c(/C=C(\C#N)c3nc4ccccc4o3)c(=O)oc2c1,ClCCl,504.16759716660215,95.46492092986637,4.593298551277447
CCN(CC)c1ccc2c(C#N)c(/C=C(\C#N)c3nc4ccccc4o3)c(=O)oc2c1,C1COCCO1,491.23264574529384,92.2668528199468,4.6057447183298255
CCN(CC)c1ccc2c(C#N)c(/C=C(\C#N)c3nc4ccccc4o3)c(=O)oc2c1,CS(C)=O,509.5629266703095,92.72059404511664,4.537090479416175
CCN(CC)c1ccc2c(C#N)c(/C=C(\C#N)c3nc4ccccc4o3)c(=O)oc2c1,CCO,515.789320985633,93.38984291976155,4.598494337978358
CCN(CC)c1ccc2c(C#N)c(/C=C(\C#N)c3nc4ccccc4o3)c(=O)oc2c1,CO,495.5876974731052,92.02927275137793,4.543141958367258
CCN(CC)c1ccc2c(C#N)c(/C=C(\C#N)c3nc4ccccc4o3)c(=O)oc2c1,Cc1ccccc1,506.1142856263118,91.10337262774324,4.571466770675943
C[n+]1ccc(/C=C/c2cc[n+](C)cc2)cc1,CC#N,371.84334157377316,79.63816732042352,4.623575211388758
COc1c(C)c2c(c(C)c1Cl)Oc1c(C=O)c(O)c(Cl)c(C)c1C(=O)O2,ClC(Cl)Cl,444.991888783583,66.31135133197452,4.436808293131946
O=C1/C(=C\c2ccc3oc4ccccc4c3c2)S(=O)(=O)c2ccccc21,Cc1ccccc1,460.0998813466168,73.33495866233336,4.581123353497997
O=C1/C(=C\c2ccc3oc4ccccc4c3c2)S(=O)(=O)c2ccccc21,ClC(Cl)Cl,470.6050625106023,74.41919607747067,4.662359114143334
O=C1/C(=C\c2ccc3oc4ccccc4c3c2)S(=O)(=O)c2ccccc21,ClCCl,456.7324835328987,76.42694414084838,4.621064562306908
O=C1/C(=C\c2ccc3oc4ccccc4c3c2)S(=O)(=O)c2ccccc21,C1CCOC1,439.81197831873504,71.93470376992423,4.606690429682922
O=C1/C(=C\c2ccc3oc4ccccc4c3c2)S(=O)(=O)c2ccccc21,CC(C)=O,451.0452304392487,76.09048297424695,4.657116655163867
O=C1/C(=C\c2ccc3oc4ccccc4c3c2)S(=O)(=O)c2ccccc21,C1COCCO1,440.7943507205103,73.87338879719249,4.637301599512831
O=C1/C(=C\c2ccc3oc4ccccc4c3c2)S(=O)(=O)c2ccccc21,CCOC(C)=O,434.99840402399343,76.49857658272819,4.682608471212872
O=C1/C(=C\c2ccc3oc4ccccc4c3c2)S(=O)(=O)c2ccccc21,CN(C)C=O,440.3635031194034,76.81464516022682,4.7105991233741245
O=C1/C(=C\c2ccc3oc4ccccc4c3c2)S(=O)(=O)c2ccccc21,CS(C)=O,467.99041948175613,73.13098023163566,4.547984631099758
O=C1/C(=C\c2ccc3oc4ccccc4c3c2)S(=O)(=O)c2ccccc21,CC#N,451.70295688956395,74.65244558174818,4.628878267533365
O=C1/C(=C\c2ccc3oc4ccccc4c3c2)S(=O)(=O)c2ccccc21,CO,447.021824353152,74.61029077351992,4.563567852497257
CCOC(=O)CSc1nc(C)c(C)c(C#N)c1C#N,c1ccccc1,384.8623019759888,40.035456999775406,3.991311946844665
CCOC(=O)CSc1nc(-c2ccc(OC)cc2)c(C)c(C#N)c1C#N,c1ccccc1,390.13493214739447,47.66550103989971,4.20412542341945
CCOC(=O)c1sc2nc(-c3ccc(OC)cc3)c(C)c(C#N)c2c1N,c1ccccc1,423.2801098751491,65.51188207600947,4.272860141584615
O=C(/C=C/c1ccc(O)c(O)c1)O[C@H](Cc1ccc(O)c(O)c1)C(=O)O,CS(C)=O,419.26914768283854,51.563553011583735,4.317732762581142
O=C(/C=C/c1ccc(O)c(O)c1)O[C@H](Cc1ccc(O)c(O)c1)C(=O)O,CO,369.2576020278155,53.134158067123735,4.285014640404141
O=C(/C=C/c1ccc(O)c(O)c1)O[C@H](Cc1ccc(O)c(O)c1)C(=O)O,CCO,394.9863174673624,56.55082575010083,4.397361233954987
O=C(/C=C/c1ccc(O)c(O)c1)O[C@H](Cc1ccc(O)c(O)c1)C(=O)O,CC#N,379.5349694633273,53.91650973672611,4.349891570895295
O=C(/C=C/c1ccc(O)c(O)c1)O[C@H](Cc1ccc(O)c(O)c1)C(=O)O,C1CCOC1,375.9516042223183,53.419176419483925,4.362079729976567
CCOC(=O)c1c(-c2cc3ccc(OCC=C(C)C)cc3oc2=O)nn(-c2ccccc2)c1C(=O)OCC,ClCCl,395.89110917519884,69.56324210525446,4.4004520371370734
O=C1c2ccc3c4ccc5c6c(ccc(c7ccc(c2c37)C(=O)N1c1ccc(O)cc1)c64)C(=O)N(c1ccc(O)cc1)C5=O,CN(C)C=O,483.1631488626423,82.9169147715319,4.572160160475913
O=C1c2ccc3c4ccc5c6c(ccc(c7ccc(c2c37)C(=O)N1c1ccc(O)cc1)c64)C(=O)N(c1ccc(O)cc1)C5=O,CN1CCCC1=O,478.98511707924877,80.98043641039584,4.53256460872099
O=C1c2ccc3c4ccc5c6c(ccc(c7ccc(c2c37)C(=O)N1c1ccc(O)cc1)c64)C(=O)N(c1ccc(O)cc1)C5=O,C1CCOC1,483.1164485482388,78.37160789465284,4.462537382872768
CN(C)c1ccc(/C=C/c2cnc(C#Cc3ccc(C#N)cc3)o2)cc1,ClCCl,405.6615212663581,83.10656138791452,4.753546617932722
CCN(CC)c1cc(NC(C)=O)c(/N=N/c2cc3c(=O)[nH][nH]c(=O)c3cc2[N+](=O)[O-])cc1OC,CC(=O)O,492.7594892916168,102.12367201107989,4.583774406966315
CCN(CC)c1cc(NC(C)=O)c(/N=N/c2cc3c(=O)[nH][nH]c(=O)c3cc2[N+](=O)[O-])cc1OC,CN(C)C=O,486.6064314136014,100.6133134032217,4.606277993669058
CCN(CC)c1cc(NC(C)=O)c(/N=N/c2cc3c(=O)[nH][nH]c(=O)c3cc2[N+](=O)[O-])cc1OC,CS(C)=O,507.7662950624548,96.72855324827907,4.477987124234248
Cc1ccc2[nH]c(-c3ccc(-c4ccc(-c5ccc(-c6nc7cc(C)ccc7[nH]6)cc5)cc4)cc3)nc2c1,CN(C)C=O,333.10271938813116,70.73945650996396,4.624777069654043
Cc1ccc2[nH]c(-c3ccc(-c4ccc(-c5ccc(-c6nc7cc(C)ccc7[nH]6)cc5)c(C)c4)cc3)nc2c1,CN(C)C=O,344.05820919680923,69.88459343859465,4.617647042307438
Fc1ccc2cc3cccc[n+]3cc2c1,O,325.3892702419734,53.1895593496386,4.193071352890082
Cc1c2ccncc2c(C)c2c1[nH]c1ccccc12,CO,388.92955056644286,52.97040415157976,4.226618650623756
Cc1c2ccncc2c(C)c2c1[nH]c1ccccc12,C1CCOC1,386.3825331165065,51.119788565906475,4.316265128801028
Cc1c2ccncc2c(C)c2c1[nH]c1ccccc12,CCCCCC,391.44291236282794,51.53191117536876,4.3525757557970906
C(#Cc1ccccc1)C(C#Cc1ccccc1)=Cc1c2ccccc2c(C=C(C#Cc2ccccc2)C#Cc2ccccc2)c2ccccc12,ClC(Cl)Cl,423.98657385130593,80.34798977515173,4.7289985933122844
C(#Cc1ccccc1)C(C#Cc1ccccc1)=Cc1ccc(C=C(C#Cc2ccccc2)C#Cc2ccccc2)s1,ClC(Cl)Cl,416.27010579111993,86.96615000296583,4.882597424287432
CCCCCCCCCCCCC(CCCCCCCCCC)Cn1c2cc(/C=C/C=C/c3nc4ccccc4s3)c3cccc4c5cccc6c(/C=C/C=C/c7nc8ccccc8s7)cc1c(c65)c2c34,ClCCl,554.8171685564208,97.98863302134654,4.7770141959681025
CCCCCCCCCCCCC(CCCCCCCCCC)Cn1c2cc(/C=C/C=C/c3nc4ccccc4s3)c3cccc4c5cccc6c(/C=C/C=C/c7nc8ccccc8s7)cc1c(c65)c2c34,Cc1ccccc1,552.1903641609689,91.9794881754826,4.757322464676825
CCCCCCCCCCCCC(CCCCCCCCCC)Cn1c2cc(/C=C/C=C/c3nc4ccccc4s3)c3cccc4c5cccc6c(/C=C/C=C/c7nc8ccccc8s7)cc1c(c65)c2c34,CC#N,548.7172607074008,94.41173230042449,4.783300927256497
CCCCCCCCCCCCC(CCCCCCCCCC)Cn1c2cc(/C=C/C=C/c3nc4ccccc4s3)c3cccc4c5cccc6c(/C=C/C=C/c7nc8ccccc8s7)cc1c(c65)c2c34,C1CCCCC1,547.1935186111363,88.19413739415666,4.7164854670807
F[B-]1(F)OC(c2ccccc2)=C(c2ccccc2)c2sc3ccccc3[n+]21,C1CCOC1,430.24091613624506,65.51849037893157,4.416609223595077
Oc1c(-c2nc3c4ccc(-c5ccccc5)cc4c4cc(-c5ccccc5)ccc4c3[nH]2)ccc2c1c1ccccc1n2-c1ccccc1,CCCCCC,393.2299380465507,66.8129089196384,4.472715851896848
Oc1c(-c2nc3c4ccc(-c5ccccc5)cc4c4cc(-c5ccccc5)ccc4c3[nH]2)ccc2c1c1ccccc1n2-c1ccccc1,Cc1ccccc1,407.2881032562696,66.86210314396982,4.364213758693269
Oc1c(-c2nc3c4ccc(-c5ccccc5)cc4c4cc(-c5ccccc5)ccc4c3[nH]2)ccc2c1c1ccccc1n2-c1ccccc1,C1CCOC1,387.8450144315758,66.81915916111211,4.450315099849865
Oc1c(-c2nc3c4ccc(-c5ccccc5)cc4c4cc(-c5ccccc5)ccc4c3[nH]2)ccc2c1c1ccccc1n2-c1ccccc1,ClCCl,406.5352730779085,71.28565279971521,4.485140031285243
Oc1c(-c2nc3c4ccc(-c5ccccc5)cc4c4cc(-c5ccccc5)ccc4c3[nH]2)ccc2c1c1ccccc1n2-c1ccccc1,CO,390.2952171180707,69.7971089506523,4.367665232376914
Oc1c(-c2nc3c4ccc(-c5ccccc5)cc4c4cc(-c5ccccc5)ccc4c3[nH]2)ccc2c1c1ccccc1n2-c1ccccc1,CC#N,396.7475030247027,70.27836368948846,4.458028443738431
Oc1c(-c2nc3c4ccc(-c5ccccc5)cc4c4cc(-c5ccccc5)ccc4c3[nH]2)ccc2c1c1ccccc1n2-c1ccccc1,CS(C)=O,423.3309076272833,65.23914667077202,4.4132925068783875
Cc1ccc(C2CC(c3ccc(O)cc3)=NN2c2ccc(S(N)(=O)=O)cc2)cc1,C1COCCO1,356.2230423158893,62.44113018117502,5.20369626718894
Cc1ccc(C2CC(c3ccc(O)cc3)=NN2c2ccc(S(N)(=O)=O)cc2)cc1,C1CCOC1,354.62739229053193,60.69028023126306,5.191663542299554
Cc1ccc(C2CC(c3ccc(O)cc3)=NN2c2ccc(S(N)(=O)=O)cc2)cc1,CCOC(C)=O,357.7064306423044,64.34698529195508,5.221667514262108
Cc1ccc(C2CC(c3ccc(O)cc3)=NN2c2ccc(S(N)(=O)=O)cc2)cc1,CN(C)C=O,359.1101018613832,64.43584606734403,5.2634106437860355
Cc1ccc(C2CC(c3ccc(O)cc3)=NN2c2ccc(S(N)(=O)=O)cc2)cc1,CS(C)=O,398.64577457930363,58.88537487804926,5.051619030740674
Cc1ccc(C2CC(c3ccc(O)cc3)=NN2c2ccc(S(N)(=O)=O)cc2)cc1,CC#N,364.2699243262621,62.24130814216464,5.204599805407379
Cc1ccc(C2CC(c3ccc(O)cc3)=NN2c2ccc(S(N)(=O)=O)cc2)cc1,CC(C)O,375.33552989709693,62.51728391354483,5.31145240088544
Cc1ccc(C2CC(c3ccc(O)cc3)=NN2c2ccc(S(N)(=O)=O)cc2)cc1,CCO,378.48837450665724,63.578092234552706,5.2337538521383475
Cc1ccc(C2CC(c3ccc(O)cc3)=NN2c2ccc(S(N)(=O)=O)cc2)cc1,CO,358.7143098518785,60.50933864647494,5.162544503400001
Cc1ccc(C2CC(c3ccc(O)cc3)=NN2c2ccc(S(N)(=O)=O)cc2)cc1,O,362.87718595672396,57.6730507859565,5.146993375533382
COc1ccc(C2CC(c3ccc(O)cc3)=NN2c2ccc(S(N)(=O)=O)cc2)cc1,C1COCCO1,359.98055223172514,61.969045054164376,5.230094200675752
COc1ccc(C2CC(c3ccc(O)cc3)=NN2c2ccc(S(N)(=O)=O)cc2)cc1,C1CCOC1,358.40845671960585,60.23113389759594,5.21770919499275
COc1ccc(C2CC(c3ccc(O)cc3)=NN2c2ccc(S(N)(=O)=O)cc2)cc1,CCOC(C)=O,361.15997940563705,63.84115116409525,5.2443827282119795
COc1ccc(C2CC(c3ccc(O)cc3)=NN2c2ccc(S(N)(=O)=O)cc2)cc1,CN(C)C=O,362.60470277635943,63.93165686298227,5.285397822354433
COc1ccc(C2CC(c3ccc(O)cc3)=NN2c2ccc(S(N)(=O)=O)cc2)cc1,CS(C)=O,402.8065809344683,58.35909868023323,5.081475523519392
COc1ccc(C2CC(c3ccc(O)cc3)=NN2c2ccc(S(N)(=O)=O)cc2)cc1,CC#N,368.3944783173865,61.75114541026978,5.229790606270198
COc1ccc(C2CC(c3ccc(O)cc3)=NN2c2ccc(S(N)(=O)=O)cc2)cc1,CC(C)O,379.90401345011713,61.922845770942715,5.339853953120932
COc1ccc(C2CC(c3ccc(O)cc3)=NN2c2ccc(S(N)(=O)=O)cc2)cc1,CCO,382.7886413571825,62.986269919757966,5.258949115920072
COc1ccc(C2CC(c3ccc(O)cc3)=NN2c2ccc(S(N)(=O)=O)cc2)cc1,CO,363.63468894418025,59.95653855206099,5.193751550787542
COc1ccc(C2CC(c3ccc(O)cc3)=NN2c2ccc(S(N)(=O)=O)cc2)cc1,O,367.90630309437034,57.08381694955197,5.177239736156499
COc1ccc2cc(C3=[N+]4C(=Nc5c(-c6ccc7ccccc7c6)cc(-c6ccc7cc(OC)ccc7c6)n5[B-]4(F)F)C(c4ccc5ccccc5c4)=C3)ccc2c1,ClCCl,568.1244527078768,68.47703445249914,4.67421729978052
CC[N+]1(CC)CN2C(=N1)C(C(=O)O)=Cc1ccc(OC)cc12,O,381.7311008531209,79.38722634184884,3.6459312315774546
CC[N+]1(CC)CN2C(=N1)C(C(=O)O)=Cc1cc(OC)c(OC)cc12,O,389.8413832325491,78.0846707647622,3.7450968839404752
CC[N+]1(CC)CN2C(=N1)C(C(=O)O)=Cc1c2ccc2ccccc12,O,386.3373414655015,78.19298741171608,3.6134752044561833
CN1/C(=C/C=C(/C=C/c2sc3ccccc3[n+]2C)c2ccc(C(F)(F)F)cc2)Sc2ccccc21,CS(C)=O,591.2541403006015,71.72050025581495,4.706480892503979
CN1/C(=C/C=C(/C=C/c2sc3ccccc3[n+]2C)c2ccc(C(F)(F)F)cc2)Sc2ccccc21,CO,588.9291511208671,67.7602227372601,4.753337904023902
CN1/C(=C/C=C(/C=C/c2sc3ccccc3[n+]2C)c2ccc(C(F)(F)F)cc2)Sc2ccccc21,CCO,602.1060156467337,67.14748443838985,4.764319307221089
CN1/C(=C/C=C(/C=C/c2sc3ccccc3[n+]2C)c2ccc(C(F)(F)F)cc2)Sc2ccccc21,O,590.4450713410375,68.03169759526537,4.764517342002528
CN1/C(=C/C=C(/C=C/C2=[N+](C)c3ccccc3C2(C)C)c2ccc(C(F)(F)F)cc2)C(C)(C)c2ccccc21,CS(C)=O,633.3188566606477,58.905961072236714,4.9110911039203335
CN1/C(=C/C=C(/C=C/C2=[N+](C)c3ccccc3C2(C)C)c2ccc(C(F)(F)F)cc2)C(C)(C)c2ccccc21,CO,642.1625669024113,52.26564133902676,4.976335268881437
CN1/C(=C/C=C(/C=C/C2=[N+](C)c3ccccc3C2(C)C)c2ccc(C(F)(F)F)cc2)C(C)(C)c2ccccc21,CCO,643.3925696160684,52.71803956386958,4.983545578053356
CN1/C(=C/C=C(/C=C/C2=[N+](C)c3ccccc3C2(C)C)c2ccc(C(F)(F)F)cc2)C(C)(C)c2ccccc21,O,628.4605192673656,54.02148831534306,4.966647083377133
O=C1C(=Cc2ccc(Br)cc2)Oc2cccc(O)c21,CC#N,394.55524447940377,70.31654635473448,4.407107669245007
C(=C/c1ccc(-c2nnc(-c3ccc(/C=C/c4ccc(-c5nc(-c6ccccc6)c(-c6ccccc6)[nH]5)cc4)cc3)o2)cc1)\c1ccc(-c2nc(-c3ccccc3)c(-c3ccccc3)[nH]2)cc1,Cc1ccccc1,372.83191370120255,77.94141883598965,4.446216995584785
C(=C/c1ccc(-c2nnc(-c3ccc(/C=C/c4ccc(-c5nc(-c6ccccc6)c(-c6ccccc6)[nH]5)cc4)cc3)o2)cc1)\c1ccc(-c2nc(-c3ccccc3)c(-c3ccccc3)[nH]2)cc1,C1CCOC1,355.9960809306507,77.7396751405628,4.50751988875735
C(=C/c1ccc(-c2nnc(-c3ccc(/C=C/c4ccc(-c5nc(-c6ccccc6)c(-c6ccccc6)[nH]5)cc4)cc3)o2)cc1)\c1ccc(-c2nc(-c3ccccc3)c(-c3ccccc3)[nH]2)cc1,CN(C)C=O,357.80703571421026,82.50067535506504,4.636193339379594
C(=C/c1ccc(-c2nnc(-c3ccc(/C=C/c4ccc(-c5nc(-c6ccccc6)c(-c6ccccc6)[nH]5)cc4)cc3)o2)cc1)\c1ccc(-c2nc(-c3ccccc3)c(-c3ccccc3)[nH]2)cc1,CC#N,363.587135492926,80.33848945129499,4.514517571721408
CCCN1c2ccc(C3=C4C=CC=[N+]4[B-](F)(F)n4cccc43)cc2Sc2cc(C3=C4C=CC=[N+]4[B-](F)(F)n4cccc43)ccc21,ClCCl,599.1101355198648,74.17727536850937,4.580311058787184
COC(=O)C(N)Cc1ccc(O[Si]2(Oc3ccc(CC(N)C(=O)OC)cc3)n3c4c5ccccc5c3/N=C3\N=C(/N=c5/c6ccccc6/c(n52)=N/C2=N/C(=N\4)c4ccccc42)c2ccccc23)cc1,CN(C)C=O,617.2629068395911,56.30837820499838,4.786343435280426
CCN(CC)c1ccc2cc(-c3ccc(-c4ccc(-c5cc6ccc(N(CC)CC)cc6oc5=O)cc4)cc3)c(=O)oc2c1,ClCCl,456.60492092373977,88.56160128427723,4.711822905004033
CC(C)(C)OC(=O)NCCn1cc(COc2ccc(-c3cc(-c4ccccc4)c4n3[B-](F)(F)[N+]3=C(c5ccc(OCCCS(=O)(=O)[O-])cc5)C=C(c5ccccc5)C3=N4)cc2)nn1,O,561.1086869740461,63.61589272767996,4.545243768576861
O=c1c2cc(C#Cc3ccccc3)ccc2nc2ccc(C#Cc3ccccc3)cn12,ClCCl,361.97732736392413,70.96600828592247,4.663865001514067
N#Cc1c(-c2ccc(Br)cc2)cc(-c2ccc(Br)cc2)[nH]c1=O,ClC(Cl)Cl,354.7783189451669,66.21804249775863,4.4778449991041
N#Cc1c(-c2ccc(Br)cc2)cc(-c2ccc(Br)cc2)[nH]c1=O,CO,321.692011628194,63.77381114126708,4.343065768269089
N#Cc1c(-c2ccc(Br)cc2)cc(-c2ccc(Br)cc2)[nH]c1=O,CN(C)C=O,327.430817996101,66.42052354786665,4.581583519560157
N#Cc1c(-c2ccc(Br)cc2)cc(-c2ccc(Br)cc2)[nH]c1=O,CC#N,330.9293933383783,63.83970776261838,4.427224667442003
N#Cc1c(-c2ccc(Br)cc2)cc(-c2ccc(Br)cc2)[nH]c1=O,CS(C)=O,368.72273045847425,60.533364389731425,4.391509927059819
F[B-]1(F)OC(c2ccccc2)=Cc2cccc[n+]21,ClCCl,349.09366891093134,60.644505943589685,4.392213083117395
O=c1c2ccccc2c2c3c(cccc13)c(-c1ccccc1)c1c3cccc4cccc(c43)c12,CO,470.180425745769,61.7851310195635,4.364576588204298
O=c1c2ccccc2c2c3c(cccc13)c(-c1ccccc1)c1c3cccc4cccc(c43)c12,CC#N,474.3000323367746,62.25140007709791,4.434689681771464
C(=C/c1ccc(N(c2ccccc2)c2ccccc2)cc1)\c1ccc(/C=C/c2ccc(N(c3ccccc3)c3ccccc3)cc2)cc1,Cc1ccccc1,412.97946410465414,91.15477657702324,4.5988338349726074
Cn1nc(-c2ccccc2)c2nc3cc(F)ccc3nc21,C1CCCCC1,384.1286011098613,59.9158339826639,4.169387337777775
Cn1nc(-c2ccccc2)c2nc3cc(F)ccc3nc21,C1CCOC1,377.8489678805868,63.51581617222878,4.2436191258949725
Cn1nc(-c2ccccc2)c2nc3cc(F)ccc3nc21,CC#N,383.48282651161355,66.04044932730407,4.229146111723983
COc1ccc(N(c2ccc(OC)cc2)c2ccc(-c3ccc(-c4ccc5nc6ccccc6c(=O)n5c4)cc3)cc2)cc1,ClCCl,395.215462882939,79.52506452546604,4.627657039765329
F[B-]1(F)n2c(cc3c4ccccc4c4ccccc4c32)-c2ccc3ccccc3[n+]21,ClCCl,451.73938702351546,67.31568550748607,4.418652429014051
CN(C)c1ccc2c(c1)[Si](C)(C)C1=CC(=[N+](C)C)C=CC1=C2C#Cc1ccccc1,CO,622.5658594787124,53.20892417643326,4.9465354609688195
Cc1ccc(/C=C/C(F)(F)F)c(N)c1,C1CCOC1,369.78126139489837,68.27750893874854,4.006596226936719
CC[n+]1nc2ccc(N(C)C)cc2c2cc(C)ccc21,O,452.44784456224824,64.72192888780907,4.560810043923515
CC[n+]1nc2cc3c4c(c2c2cc(C)ccc21)CCCN4CCC3,O,488.1717335755415,68.92918167446734,4.565446973196467
COc1ccc(C2=Nc3cccc4[n+]3[B-](F)(O2)OC(c2ccc(OC)cc2)=N4)cc1,ClCCl,425.8045949888369,66.9667168462754,4.615710802042234
Nc1cc2nc3cc(Cl)c(Cl)cc3nc2cc1N,CCO,439.0558625714789,78.97481584378482,4.344758605573979
c1cc2ccc3cc4[nH]ccc4c4ccc(c1)c2c34,CCOC(C)=O,383.63174055689643,58.70516453030951,4.432481362842978
CC(=O)c1ccc(-c2cnc3nn4ccccc4c3n2)cc1,C1CCOC1,356.96417777366156,62.5070660273483,4.25441921576662
C1=[N+](c2ccccc2)[B-]2(Oc3c1ccc1c4c(ccc31)C=[N+](c1ccccc1)[B-]1(O4)c3ccccc3Oc3ccccc31)c1ccccc1Oc1ccccc12,ClCCl,514.9353746468712,75.57165589400041,4.428602941414028
C1=[N+](c2ccccc2)[B-]2(Oc3c1ccc1c4c(ccc31)C=[N+](c1ccccc1)[B-]1(O4)c3ccccc3Oc3ccccc31)c1ccccc1Oc1ccccc12,Cc1ccccc1,515.7775373800886,73.93137387990778,4.378907049790243
CN(C)c1ccc(-c2cc(-c3ccc(C(F)(F)F)cc3)nn2C)cc1,ClCCl,372.27965877411305,67.06928057931506,4.427164055786865
CC1(C)CC(/C=C/c2ccc(-n3cncn3)cc2)=CC(=C(C#N)C#N)C1,c1ccccc1,424.8269398386347,86.97930075429238,4.615012909475869
CC1(C)CC(/C=C/c2ccc(-n3cncn3)cc2)=CC(=C(C#N)C#N)C1,ClCCl,428.66231932451507,93.52138785854517,4.630649209541602
CC1(C)CC(/C=C/c2ccc(-n3cncn3)cc2)=CC(=C(C#N)C#N)C1,C1CCOC1,416.30339320699795,89.57093152469017,4.6431865231997556
CC1(C)CC(/C=C/c2ccc(-n3cncn3)cc2)=CC(=C(C#N)C#N)C1,CCOC(C)=O,418.5999201541592,94.13651943383886,4.6711362556110405
CC1(C)CC(/C=C/c2ccc(-n3cncn3)cc2)=CC(=C(C#N)C#N)C1,CCO,437.86817227115745,92.53109713080693,4.664072375098216
CC1(C)CC(/C=C/c2ccc(-n3cncn3)cc2)=CC(=C(C#N)C#N)C1,CC#N,423.74301320060613,90.60713760551661,4.65083540109413
C#CCn1c2ccccc2c2cc(/C=C/c3cc(C)c4n3[B-](F)(F)[N+]3=C(C)C=C(C)C3=C4c3ccc(I)cc3)ccc21,ClC(Cl)Cl,603.8743437451502,58.43983128081338,4.742898281793862
C#CCn1c2ccccc2c2cc(/C=C/c3cc(C)c4n3[B-](F)(F)[N+]3=C(C)C=C(C)C3=C4c3ccc(I)cc3)ccc21,CC#N,587.0619956496571,64.14043439667064,4.669590245440147
C#CCn1c2ccccc2c2cc(/C=C/c3cc(C)c4n3[B-](F)(F)[N+]3=C(C)C=C(C)C3=C4c3ccc(I)cc3)ccc21,CS(C)=O,592.8582724902948,69.70879624318887,4.625391478105881
CC(C)(C)c1cc(-c2c3cccc4c5cccc6c(-c7cc(C(C)(C)C)cc(C(C)(C)C)c7)c7cccc8c9cccc2c9c(c34)c(c65)c78)cc(C(C)(C)C)c1,Cc1ccccc1,516.5926155975448,58.126807125277935,4.49315775928417
COc1ccc(C2=c3sc(-c4ccc(OC)cc4)c(-c4ccc(OC)cc4)c3=[N+]3C2=Nc2c(-c4ccc(OC)cc4)c4sc(-c5ccc(OC)cc5)c(-c5ccc(OC)cc5)c4n2[B-]3(F)F)cc1,ClC(Cl)Cl,634.5451008104674,59.715554920498285,4.872658677764569
